{
    "rmse": 0.7235926164138382,
    "mae": 0.581872126689495,
    "r2": 0.21553498024571527
}